{"Train_loss": 0.6262297630310059, "Total_train_loss": 0.6486915946006775, "Train_acc": 81.09600067138672, "Test_loss": 1.3982264995574951, "Test_acc": 68.72999572753906, "_timestamp": 1676064073, "_runtime": 1215, "_step": 15}