{"Train_loss": 2.30283784866333, "Total_train_loss": 2.30283784866333, "Train_acc": 10.345999717712402, "Test_loss": 2.3020577430725098, "Test_acc": 9.880000114440918, "_timestamp": 1676062776, "_runtime": 106, "_step": 0, "_wandb": {"runtime": 105}}